model,accuracy,f1,roc_auc
xgboost,0.6428571428571429,0.6753246753246753,0.6930272108843538
random_forest,0.6428571428571429,0.6835443037974683,0.6687925170068028
svc,0.6428571428571429,0.6835443037974683,0.673469387755102
