model,rmse,mae,r2
xgboost,6.3578161264186,5.129537707893816,-0.03211370565509375
random_forest,5.998145740874185,4.859232876712328,0.08135937818630634
svr,5.833996856988092,4.687113197432714,0.13095152935315668
